{
  "budget_ms": 10.0,
  "csv_path": "/home/goosepi/intercept_edge/results/bench_rt_1768520223.csv",
  "deadline_misses": 0,
  "hz": 100.0,
  "stats": {
    "headroom_ms": {
      "max": 1.9408960049622692,
      "mean": 1.9363483506578925,
      "min": 1.7482479941099882,
      "p95": 1.9400259968824685,
      "std": 0.015883711105548735
    },
    "infer_ms": {
      "max": 0.12311099999351427,
      "mean": 0.05532122918288,
      "min": 0.052555995353031904,
      "p95": 0.05764799425378442,
      "std": 0.0017751996327549778
    },
    "loop_ms": {
      "max": 8.251752005890012,
      "mean": 8.063651649342107,
      "min": 8.05910399503773,
      "p95": 8.064437999564689,
      "std": 0.015883711105548735
    }
  },
  "steps": 12001
}