{
  "budget_ms": 20.0,
  "csv_path": "/home/goosepi/intercept_edge/results/bench_rt_1768514555.csv",
  "deadline_misses": 0,
  "hz": 50.0,
  "stats": {
    "headroom_ms": {
      "max": 9.939287996094208,
      "mean": 9.932613754386445,
      "min": 9.725065999664366,
      "p95": 9.937676000408828,
      "std": 0.021703281754397497
    },
    "infer_ms": {
      "max": 0.13518500054487959,
      "mean": 0.05734010570920188,
      "min": 0.05401800444815308,
      "p95": 0.05922200216446072,
      "std": 0.0029792991638192302
    },
    "loop_ms": {
      "max": 10.274934000335634,
      "mean": 10.067386245613555,
      "min": 10.060712003905792,
      "p95": 10.077656996145379,
      "std": 0.021703281754397497
    }
  },
  "steps": 6001
}