{
  "budget_ms": 20.0,
  "csv_path": "/home/goosepi/intercept_edge/results/bench_50hz_1768479581.csv",
  "deadline_miss_rate": 0.0,
  "deadline_misses": 0,
  "stats": {
    "cpu_pct": {
      "max": 100.0,
      "mean": 1.0998000333277786,
      "min": 0.0,
      "p95": 0.0,
      "std": 7.390047665109557
    },
    "infer_ms": {
      "max": 0.12225899996565204,
      "mean": 0.08599611281395672,
      "min": 0.05383399997072047,
      "p95": 0.08996299999353141,
      "std": 0.00648821648349488
    },
    "loop_ms": {
      "max": 0.15957400000843336,
      "mean": 0.10770468088678802,
      "min": 0.06731500002388202,
      "p95": 0.11283399999229005,
      "std": 0.008228322194392746
    },
    "rss_mb": {
      "max": 38.546875,
      "mean": 38.54686718880187,
      "min": 38.5,
      "p95": 38.546875,
      "std": 0.0006050528057106236
    }
  },
  "steps": 6001
}