{
  "budget_ms": 20.0,
  "csv_path": "/home/goosepi/intercept_edge/results/bench_rt_1768492894.csv",
  "deadline_misses": 0,
  "hz": 50.0,
  "stats": {
    "headroom_ms": {
      "max": 19.939167000775342,
      "mean": 19.89852827730298,
      "min": 19.65590800093196,
      "p95": 19.905555001532775,
      "std": 0.03095346257264172
    },
    "infer_ms": {
      "max": 0.13433399908535648,
      "mean": 0.08737107616431877,
      "min": 0.05450000026030466,
      "p95": 0.09074100125872064,
      "std": 0.006636170752659382
    },
    "loop_ms": {
      "max": 0.34409199906804133,
      "mean": 0.1014717226970188,
      "min": 0.060832999224658124,
      "p95": 0.10211100016022101,
      "std": 0.030953462572641716
    }
  },
  "steps": 6001
}