{
  "budget_ms": 20.0,
  "csv_path": "/home/goosepi/intercept_edge/results/bench_rt_1768514796.csv",
  "deadline_misses": 0,
  "hz": 50.0,
  "stats": {
    "headroom_ms": {
      "max": 1.938609002099838,
      "mean": 1.9333059204885246,
      "min": 1.7312570012290962,
      "p95": 1.9379600012325682,
      "std": 0.02157792212609034
    },
    "infer_ms": {
      "max": 0.2610360024846159,
      "mean": 0.05680016276052284,
      "min": 0.05470399628393352,
      "p95": 0.05837000207975507,
      "std": 0.0033076113299872214
    },
    "loop_ms": {
      "max": 18.268742998770904,
      "mean": 18.066694079511475,
      "min": 18.061390997900162,
      "p95": 18.066003001877107,
      "std": 0.02157792212609034
    }
  },
  "steps": 6001
}