{
  "csv": "/home/goosepi/intercept_edge/results/bench_rt_1768598930.csv",
  "hz": 100.0,
  "budget_ms": 10.0,
  "steps": 12001,
  "deadline_misses": 0,
  "deadline_miss_rate": 0.0,
  "infer_ms": {
    "mean": 0.15060312723671995,
    "p95": 0.3143879985145759,
    "max": 3.1049249992065597,
    "std": 0.07814396703801185,
    "min": 0.05874100315850228
  },
  "loop_ms": {
    "mean": 0.18142773668977713,
    "p95": 0.38246300027822144,
    "max": 3.1485170002270024,
    "std": 0.09744789700805623,
    "min": 0.06616599785047583
  },
  "headroom_ms": {
    "mean": 9.818572263310223,
    "p95": 9.914315001660725,
    "max": 9.933834002149524,
    "std": 0.09744789700805624,
    "min": 6.851482999772998
  },
  "outdir": "/home/goosepi/intercept_edge/results/figs_rt_100hz_opencv30_net50"
}