{
  "budget_ms": 10.0,
  "csv_path": "/home/goosepi/intercept_edge/results/bench_rt_1768493021.csv",
  "deadline_misses": 0,
  "hz": 100.0,
  "stats": {
    "headroom_ms": {
      "max": 9.940851999781444,
      "mean": 9.900950159072016,
      "min": 9.65433400029724,
      "p95": 9.905906999629224,
      "std": 0.02321790925652807
    },
    "infer_ms": {
      "max": 0.15886999972281046,
      "mean": 0.08689428690097922,
      "min": 0.05303699981595855,
      "p95": 0.09051900087797549,
      "std": 0.00660293903759189
    },
    "loop_ms": {
      "max": 0.34566599970276,
      "mean": 0.09904984092798337,
      "min": 0.05914800021855626,
      "p95": 0.10094400022353511,
      "std": 0.02321790925652807
    }
  },
  "steps": 12001
}