{
  "budget_ms": 20.0,
  "csv_path": "/home/goosepi/intercept_edge/results/bench_rt_1768514675.csv",
  "deadline_misses": 0,
  "hz": 50.0,
  "stats": {
    "headroom_ms": {
      "max": 4.939866000786424,
      "mean": 4.933433618277584,
      "min": 4.751087999029551,
      "p95": 4.938605994102545,
      "std": 0.022014913144412958
    },
    "infer_ms": {
      "max": 0.12731500464724377,
      "mean": 0.056509797540839006,
      "min": 0.053499999921768904,
      "p95": 0.05790800059912726,
      "std": 0.0016628119017073216
    },
    "loop_ms": {
      "max": 15.24891200097045,
      "mean": 15.066566381722417,
      "min": 15.060133999213576,
      "p95": 15.065857005538419,
      "std": 0.022014913144412958
    }
  },
  "steps": 6001
}