{
  "budget_ms": 10.0,
  "csv_path": "/home/goosepi/intercept_edge/results/bench_rt_1768519983.csv",
  "deadline_misses": 0,
  "hz": 100.0,
  "stats": {
    "headroom_ms": {
      "max": 4.93944899586495,
      "mean": 4.934621757213868,
      "min": 4.740207999711856,
      "p95": 4.937725998170208,
      "std": 0.015868148528272216
    },
    "infer_ms": {
      "max": 0.1253139998880215,
      "mean": 0.05691471861951612,
      "min": 0.05392599996412173,
      "p95": 0.05824100662721321,
      "std": 0.0012675246522754692
    },
    "loop_ms": {
      "max": 5.259792000288144,
      "mean": 5.065378242786132,
      "min": 5.06055100413505,
      "p95": 5.065402998297941,
      "std": 0.015868148528272216
    }
  },
  "steps": 12001
}