{
  "csv": "/home/goosepi/intercept_edge/results/bench_rt_1768589981.csv",
  "hz": 100.0,
  "budget_ms": 10.0,
  "steps": 12001,
  "deadline_misses": 0,
  "deadline_miss_rate": 0.0,
  "infer_ms": {
    "mean": 0.14765820906709407,
    "p95": 0.3965559990319889,
    "max": 0.49327799933962524,
    "std": 0.0846941900733214,
    "min": 0.058703997638076544
  },
  "loop_ms": {
    "mean": 0.17806609566448547,
    "p95": 0.4731480003101751,
    "max": 1.2888880009995773,
    "std": 0.10779096559277836,
    "min": 0.06557400047313422
  },
  "headroom_ms": {
    "mean": 9.821933904335514,
    "p95": 9.914870997599792,
    "max": 9.934425999526866,
    "std": 0.10779096559277836,
    "min": 8.711111999000423
  },
  "outdir": "/home/goosepi/intercept_edge/results/figs_rt_100hz_opencv30"
}