{
  "budget_ms": 10.0,
  "csv_path": "/home/goosepi/intercept_edge/results/bench_rt_1768520103.csv",
  "deadline_misses": 0,
  "hz": 100.0,
  "stats": {
    "headroom_ms": {
      "max": 2.939987998397555,
      "mean": 2.9351156505947578,
      "min": 2.745580995688215,
      "p95": 2.938377006794326,
      "std": 0.016646024743836578
    },
    "infer_ms": {
      "max": 0.13379599840845913,
      "mean": 0.05635091210970886,
      "min": 0.05337099719326943,
      "p95": 0.05770399729954079,
      "std": 0.0014598497743601286
    },
    "loop_ms": {
      "max": 7.254419004311785,
      "mean": 7.064884349405243,
      "min": 7.060012001602445,
      "p95": 7.0647899992764,
      "std": 0.016646024743836578
    }
  },
  "steps": 12001
}