{
  "budget_ms": 20.0,
  "csv_path": "/home/goosepi/intercept_edge/results/bench_rt_1768493534.csv",
  "deadline_misses": 0,
  "hz": 50.0,
  "stats": {
    "headroom_ms": {
      "max": 16.94016799912788,
      "mean": 16.90460079819862,
      "min": 15.679188001304283,
      "p95": 16.915390000140178,
      "std": 0.03580750621915549
    },
    "infer_ms": {
      "max": 0.3883139997924445,
      "mean": 0.08123473487624995,
      "min": 0.05333300032361876,
      "p95": 0.08479600001010112,
      "std": 0.008257878784085137
    },
    "loop_ms": {
      "max": 4.320811998695717,
      "mean": 3.095399201801382,
      "min": 3.0598320008721203,
      "p95": 3.0958509996708017,
      "std": 0.03580750621915549
    }
  },
  "steps": 6001
}