{
  "budget_ms": 20.0,
  "csv_path": "/home/goosepi/intercept_edge/results/bench_rt_1768493399.csv",
  "deadline_misses": 0,
  "hz": 50.0,
  "stats": {
    "headroom_ms": {
      "max": 19.938999999358202,
      "mean": 19.913935651554592,
      "min": 19.702425999203115,
      "p95": 19.91970400151331,
      "std": 0.026435584781792972
    },
    "infer_ms": {
      "max": 0.20803600091312546,
      "mean": 0.07389591185523842,
      "min": 0.054629999794997275,
      "p95": 0.07670400009374134,
      "std": 0.004185345966943559
    },
    "loop_ms": {
      "max": 0.29757400079688523,
      "mean": 0.08606434844540783,
      "min": 0.06100000064179767,
      "p95": 0.08822200106806122,
      "std": 0.026435584781792972
    }
  },
  "steps": 6001
}